{
  "n_windows": 40886,
  "n_features": 14,
  "feature_names": [
    "mean",
    "std",
    "rms",
    "max",
    "min",
    "peak_to_peak",
    "skewness",
    "kurtosis",
    "crest_factor",
    "shape_factor",
    "impulse_factor",
    "freq_dominant",
    "spectral_energy",
    "spectral_entropy"
  ],
  "window_size": 1024,
  "window_step": 512,
  "sampling_rate_hz": 10000,
  "collected_at": "2026-05-27T17:27:19",
  "features_mean": [
    -3.568242846085923e-06,
    0.35698118805885315,
    0.357058048248291,
    0.632196307182312,
    0.0007555516203865409,
    1.2409477233886719,
    8.540688577340916e-05,
    -1.4407576322555542,
    1.7705888748168945,
    1.116145133972168,
    1.9762673377990723,
    117.20508575439453,
    66874.046875,
    1.7560184001922607
  ],
  "features_std": [
    0.0073550078086555,
    0.002163487486541271,
    0.002198927802965045,
    0.019827762618660927,
    0.0007514990866184235,
    0.02992730773985386,
    0.03125166893005371,
    0.01279126200824976,
    0.05550559237599373,
    0.002680054400116205,
    0.0628180280327797,
    0.017584657296538353,
    837.09765625,
    0.041246525943279266
  ]
}