{
  "n_windows": 89565,
  "n_features": 14,
  "feature_names": [
    "mean",
    "std",
    "rms",
    "max",
    "min",
    "peak_to_peak",
    "skewness",
    "kurtosis",
    "crest_factor",
    "shape_factor",
    "impulse_factor",
    "freq_dominant",
    "spectral_energy",
    "spectral_entropy"
  ],
  "window_size": 1024,
  "window_step": 512,
  "sampling_rate_hz": 10000,
  "collected_at": "2026-05-26T13:55:27",
  "features_mean": [
    -2.0571442860273237e-07,
    0.35698816180229187,
    0.3570639491081238,
    0.6321499347686768,
    0.0007563615799881518,
    1.2409348487854004,
    3.303977064206265e-05,
    -1.4406975507736206,
    1.7704520225524902,
    1.11618971824646,
    1.9761104583740234,
    117.09362030029297,
    66876.1328125,
    1.756308674812317
  ],
  "features_std": [
    0.007370428182184696,
    0.0021687583066523075,
    0.00220437697134912,
    0.01975751295685768,
    0.0007487937109544873,
    0.029746197164058685,
    0.03126703202724457,
    0.012764663435518742,
    0.055288165807724,
    0.002678715158253908,
    0.06258781999349594,
    0.09384925663471222,
    839.2293090820312,
    0.041222140192985535
  ]
}