{
  "sensor_name": "bearing1",
  "mean_error": 0.06581083685159683,
  "std_error": 0.0605383962392807,
  "k_sigma": 3.0,
  "threshold": 0.24742602556943893,
  "scaler_center": [
    7.884623482823372e-05,
    0.3569924831390381,
    0.357063353061676,
    0.6299945712089539,
    0.0005291543784551322,
    1.2389010190963745,
    0.00023404382227454334,
    -1.4404419660568237,
    1.764425277709961,
    1.1162025928497314,
    1.969407558441162,
    117.1875,
    66873.859375,
    1.7586029767990112
  ],
  "scaler_scale": [
    0.013907755026593804,
    0.0030992478132247925,
    0.003161787986755371,
    0.025527358055114746,
    0.0008479300740873441,
    0.03959965705871582,
    0.05813598074018955,
    0.017719268798828125,
    0.07115894556045532,
    0.0037276148796081543,
    0.08116209506988525,
    1.0,
    1208.0625,
    0.06556034088134766
  ]
}