{
  "mean_error": 0.0890917256474495,
  "std_error": 0.05921981483697891,
  "k_sigma": 3.0,
  "threshold": 0.26675117015838623,
  "scaler_center": [
    -1.2200791388750076e-05,
    0.356978178024292,
    0.3570515513420105,
    0.6298352479934692,
    0.000526486779563129,
    1.2384679317474365,
    0.00010222609853371978,
    -1.4406139850616455,
    1.763977289199829,
    1.116168737411499,
    1.9691376686096191,
    117.1875,
    66868.0,
    1.7580618858337402
  ],
  "scaler_scale": [
    0.013938475516624749,
    0.003080315887928009,
    0.0031464770436286926,
    0.0256720632314682,
    0.0008332481666002423,
    0.039638370275497437,
    0.05822310457006097,
    0.01802036166191101,
    0.0716870129108429,
    0.0037562549114227295,
    0.08138161897659302,
    1.0,
    1204.9765625,
    0.06510713696479797
  ]
}