{
  "sensor_name": "bearing2",
  "mean_error": 0.06581322848796844,
  "std_error": 0.06088126078248024,
  "k_sigma": 3.0,
  "threshold": 0.24845701083540916,
  "scaler_center": [
    -2.3387372493743896e-05,
    0.35698211193084717,
    0.3570571541786194,
    0.6300415396690369,
    0.0005276845768094063,
    1.2387750148773193,
    -0.00038221999420784414,
    -1.4403135776519775,
    1.7644283771514893,
    1.116240382194519,
    1.9695162773132324,
    117.1875,
    66871.796875,
    1.7581599950790405
  ],
  "scaler_scale": [
    0.014014007989317179,
    0.0031490325927734375,
    0.0032202601432800293,
    0.025157809257507324,
    0.0008318306208821014,
    0.039675116539001465,
    0.05792630836367607,
    0.01787877082824707,
    0.07099056243896484,
    0.00374603271484375,
    0.08046507835388184,
    1.0,
    1231.34375,
    0.06496751308441162
  ]
}