{
  "sensor_name": "bearing3",
  "mean_error": 0.03649310767650604,
  "std_error": 0.034460242837667465,
  "k_sigma": 3.0,
  "threshold": 0.13987383618950844,
  "scaler_center": [
    7.516611367464066e-05,
    0.3569944500923157,
    0.3570752441883087,
    0.6298132538795471,
    0.0005226942012086511,
    1.2384576797485352,
    -2.720804332057014e-05,
    -1.4406296014785767,
    1.763913869857788,
    1.1161760091781616,
    1.9690581560134888,
    117.1875,
    66878.765625,
    1.7584624290466309
  ],
  "scaler_scale": [
    0.013997314497828484,
    0.0031278133392333984,
    0.0032074004411697388,
    0.025870531797409058,
    0.0008503381686750799,
    0.03965228796005249,
    0.057989501394331455,
    0.017922282218933105,
    0.07228589057922363,
    0.003737032413482666,
    0.08206355571746826,
    1.0,
    1228.7578125,
    0.06538146734237671
  ]
}