{
  "mean_error": 0.04924829676747322,
  "std_error": 0.05183522775769234,
  "k_sigma": 3.0,
  "threshold": 0.20475398004055023,
  "scaler_center": [
    1.3178680092096329e-05,
    0.35699447989463806,
    0.35707032680511475,
    0.6298524141311646,
    0.0005287666572257876,
    1.2385296821594238,
    -3.03931774396915e-05,
    -1.4405683279037476,
    1.7639671564102173,
    1.116192102432251,
    1.9690890312194824,
    117.1875,
    66874.6796875,
    1.7581244707107544
  ],
  "scaler_scale": [
    0.01401597261428833,
    0.003097057342529297,
    0.003159642219543457,
    0.025466322898864746,
    0.0008333490113727748,
    0.03929781913757324,
    0.05811955779790878,
    0.01800251007080078,
    0.07126796245574951,
    0.0037387609481811523,
    0.0807257890701294,
    1.0,
    1209.0625,
    0.06515002250671387
  ]
}